url_length,dot_count,at_symbol_present,hyphen_count,digit_to_letter_ratio,iframe_count,hidden_forms,password_fields,external_link_ratio,empty_anchors,domain_age_days,ssl_days_to_expire,label
87,3,0,2,0.573,3,0,1,0.813,14,5,3,1
51,3,0,0,0.052,1,0,1,0.085,3,1044,135,0
68,4,0,2,0.332,4,1,1,0.731,6,34,29,1
108,5,0,5,0.461,1,0,1,0.82,19,4,3,1
53,3,0,2,0.016,1,0,1,0.055,2,331,309,0
40,3,0,1,0.079,1,0,1,0.171,2,1059,325,0
55,2,0,1,0.098,1,0,0,0.151,1,3372,240,0
32,2,0,2,0.035,1,0,0,0.151,3,1779,97,0
38,1,0,2,0.026,1,0,1,0.208,3,3044,329,0
95,5,0,4,0.55,3,0,2,0.977,6,36,3,1
36,3,0,0,0.043,1,0,0,0.26,3,688,173,0
143,7,0,2,0.238,5,2,0,0.694,9,2,29,1
141,5,0,6,0.22,4,3,1,0.711,16,11,4,1
47,1,0,0,0.082,0,0,1,0.202,2,3585,274,0
134,3,0,4,0.557,5,2,1,0.836,19,21,20,1
27,3,0,2,0.01,0,0,1,0.142,3,2593,177,0
120,6,0,3,0.415,1,0,2,0.816,19,10,20,1
53,3,0,2,0.393,1,1,1,0.89,19,32,14,1
77,4,0,6,0.227,4,2,1,0.899,14,33,20,1
72,8,0,4,0.488,5,0,1,0.718,13,31,23,1
42,3,0,0,0.055,1,0,1,0.211,0,673,313,0
46,1,0,1,0.09,0,0,1,0.076,2,2573,224,0
57,1,0,1,0.091,0,0,0,0.114,2,586,349,0
53,5,1,4,0.357,3,2,1,0.723,18,0,7,1
51,2,0,2,0.011,1,0,1,0.237,3,3572,212,0
31,1,0,2,0.009,1,0,0,0.211,3,1647,146,0
57,3,0,6,0.402,4,2,1,0.712,14,31,12,1
104,7,0,2,0.443,3,2,1,0.951,16,7,11,1
29,2,0,2,0.085,1,0,0,0.163,0,1582,288,0
33,2,0,0,0.065,1,0,1,0.246,3,1817,288,0
129,8,0,6,0.175,4,2,1,0.978,7,5,27,1
142,5,0,5,0.38,2,3,2,0.626,7,8,24,1
54,6,1,6,0.4,4,3,1,0.683,14,37,5,1
111,6,0,5,0.153,2,1,2,0.921,16,18,25,1
114,7,1,6,0.176,2,0,2,0.827,17,0,5,1
41,3,0,2,0.05,1,0,1,0.012,2,2912,324,0
84,4,0,5,0.307,4,1,0,0.686,16,23,12,1
69,5,1,6,0.427,4,3,1,0.87,13,36,27,1
63,8,1,2,0.322,2,0,0,0.699,11,9,17,1
129,4,0,2,0.123,2,2,0,0.897,20,31,24,1
98,7,1,6,0.112,3,1,0,0.831,18,44,27,1
80,5,1,6,0.565,2,0,1,0.984,12,44,23,1
46,2,0,0,0.03,1,0,1,0.293,3,527,302,0
27,2,0,1,0.074,0,0,1,0.262,2,1738,249,0
71,5,1,2,0.233,5,2,1,0.867,15,45,2,1
43,3,0,0,0.054,1,0,0,0.054,3,1002,95,0
20,3,0,0,0.02,1,0,1,0.287,0,1638,228,0
52,3,0,0,0.076,0,0,0,0.081,2,1504,103,0
52,3,1,2,0.375,5,2,1,0.81,18,7,20,1
24,3,0,2,0.016,0,0,1,0.076,2,3527,178,0
93,7,1,4,0.281,3,3,0,0.763,19,8,10,1
53,3,0,5,0.322,5,2,1,0.933,14,14,7,1
46,2,0,2,0.083,0,0,0,0.03,0,1017,229,0
34,1,0,0,0.1,1,0,0,0.07,3,1639,236,0
49,1,0,1,0.03,1,0,1,0.099,3,2761,143,0
82,6,1,5,0.297,2,0,1,0.814,20,23,21,1
103,3,0,5,0.585,1,3,1,0.676,16,45,20,1
56,3,0,0,0.014,0,0,0,0.149,2,1356,213,0
61,4,0,5,0.378,2,0,2,0.792,13,5,0,1
50,5,0,5,0.446,5,3,1,0.801,8,0,13,1
140,7,0,3,0.136,5,0,0,0.906,20,33,19,1
49,1,0,0,0.026,0,0,1,0.032,3,3624,113,0
23,2,0,0,0.056,0,0,0,0.275,2,3546,137,0
98,8,0,3,0.482,2,3,0,0.93,11,0,26,1
51,1,0,2,0.002,0,0,1,0.173,2,2915,93,0
52,2,0,0,0.032,1,0,0,0.137,3,1000,300,0
87,5,0,2,0.188,1,2,0,0.804,16,38,19,1
26,1,0,1,0.024,0,0,0,0.224,0,1964,287,0
56,1,0,2,0.089,1,0,1,0.09,3,1253,339,0
50,3,0,0,0.056,0,0,0,0.094,2,2130,322,0
63,4,0,3,0.215,2,3,0,0.8,12,-1,23,1
93,8,0,5,0.561,5,0,0,0.751,13,40,21,1
55,1,0,1,0.095,0,0,0,0.046,0,2143,210,0
120,5,0,2,0.102,3,1,1,0.898,11,7,4,1
34,2,0,1,0.007,1,0,0,0.292,0,484,337,0
34,1,0,1,0.096,1,0,1,0.228,1,1883,274,0
52,3,0,0,0.043,1,0,1,0.068,2,2688,289,0
36,2,0,2,0.024,0,0,1,0.064,2,2296,233,0
47,2,0,1,0.069,1,0,0,0.109,3,3216,331,0
58,3,0,1,0.082,1,0,1,0.29,2,2821,256,0
34,1,0,1,0.064,1,0,0,0.19,1,1618,206,0
55,4,1,5,0.311,4,3,2,0.941,19,27,4,1
136,6,0,6,0.42,2,2,1,0.97,17,18,22,1
23,2,0,0,0.054,1,0,1,0.265,0,877,166,0
37,3,0,1,0.021,1,0,1,0.157,2,3556,253,0
53,2,0,1,0.013,0,0,1,0.175,3,1321,114,0
38,3,0,1,0.072,1,0,1,0.146,1,2230,162,0
58,7,1,5,0.273,4,3,2,0.807,8,8,4,1
32,2,0,0,0.029,1,0,1,0.221,1,1256,300,0
38,2,0,1,0.097,1,0,0,0.0,2,3643,177,0
30,2,0,2,0.024,1,0,1,0.293,3,3406,134,0
60,4,1,2,0.42,4,3,1,0.68,15,32,29,1
81,6,0,2,0.307,2,3,1,0.759,8,28,20,1
122,7,1,3,0.204,3,2,1,0.994,7,34,9,1
85,5,0,3,0.561,3,1,1,0.787,18,6,21,1
112,6,0,2,0.516,4,2,0,0.893,11,30,24,1
105,7,0,4,0.238,2,1,2,0.65,10,23,11,1
91,8,1,4,0.368,5,0,2,0.62,18,19,7,1
25,3,0,0,0.002,1,0,1,0.008,2,2924,167,0
73,4,0,5,0.504,5,3,2,0.659,8,16,20,1
86,8,0,2,0.48,1,0,2,0.75,14,38,0,1
147,8,0,3,0.196,3,3,0,0.712,12,25,16,1
132,3,0,6,0.371,4,1,2,0.753,15,27,1,1
57,2,0,2,0.051,1,0,0,0.203,1,1154,134,0
40,1,0,2,0.071,0,0,1,0.116,1,2878,249,0
60,1,0,1,0.089,0,0,0,0.15,3,2352,297,0
30,1,0,0,0.009,0,0,1,0.172,0,2430,97,0
98,7,1,3,0.232,5,1,2,0.723,14,28,-1,1
39,2,0,1,0.048,0,0,0,0.16,0,2620,149,0
134,4,1,3,0.324,1,0,1,0.63,11,9,28,1
73,7,1,6,0.401,1,1,1,0.819,11,2,9,1
121,6,1,4,0.295,2,2,2,0.771,17,0,1,1
34,2,0,2,0.028,1,0,0,0.127,3,2807,302,0
48,1,0,0,0.091,1,0,1,0.032,1,3297,285,0
128,7,1,3,0.245,5,3,2,0.794,10,39,7,1
27,2,0,1,0.076,1,0,0,0.241,3,532,177,0
53,8,0,3,0.315,1,3,1,0.783,12,1,5,1
55,3,0,0,0.04,1,0,1,0.097,1,3590,230,0
33,2,0,1,0.01,0,0,0,0.092,3,3340,174,0
55,2,0,2,0.088,1,0,0,0.284,2,591,112,0
31,3,0,2,0.066,1,0,1,0.144,2,3017,255,0
26,1,0,1,0.08,0,0,0,0.092,2,843,239,0
59,2,0,2,0.093,1,0,0,0.206,3,352,117,0
40,1,0,1,0.083,1,0,1,0.178,0,1786,99,0
81,6,1,3,0.315,3,3,1,0.808,5,0,10,1
100,8,1,5,0.284,4,3,2,0.952,9,25,23,1
104,3,1,4,0.233,5,3,2,0.954,17,30,3,1
71,4,0,6,0.342,2,0,0,0.635,19,11,2,1
51,3,0,4,0.538,5,0,1,0.766,6,4,11,1
39,2,0,2,0.099,0,0,0,0.176,0,1004,255,0
63,8,0,6,0.374,4,1,2,0.76,8,35,27,1
93,4,0,4,0.443,4,1,2,0.761,6,10,12,1
132,3,0,2,0.224,3,2,0,0.722,20,35,10,1
37,1,0,1,0.038,1,0,1,0.292,2,901,168,0
64,5,0,5,0.151,3,0,2,0.652,9,35,8,1
40,3,0,0,0.039,1,0,1,0.114,2,1725,104,0
32,3,0,0,0.029,0,0,1,0.218,3,809,208,0
27,3,0,0,0.023,0,0,0,0.206,2,3502,333,0
44,3,0,0,0.093,1,0,1,0.288,2,313,151,0
51,5,0,4,0.186,4,2,0,0.924,18,28,11,1
57,1,0,0,0.027,1,0,0,0.151,1,579,118,0
128,5,0,5,0.293,4,1,1,0.778,5,9,1,1
33,2,0,1,0.096,1,0,1,0.295,3,1818,111,0
92,5,0,5,0.532,3,1,2,0.945,11,5,25,1
83,4,0,3,0.339,3,2,1,0.97,19,38,16,1
60,6,0,5,0.174,3,3,2,0.809,14,28,5,1
102,5,1,2,0.188,4,2,2,0.711,19,45,21,1
109,3,0,6,0.378,4,3,2,0.9,10,41,0,1
58,7,1,4,0.537,3,2,1,0.704,15,10,26,1
23,2,0,1,0.092,0,0,1,0.191,1,2117,329,0
69,3,0,5,0.581,3,1,0,0.826,17,9,30,1
25,3,0,1,0.057,1,0,1,0.133,0,712,143,0
124,6,0,3,0.463,5,0,1,0.907,14,43,28,1
51,1,0,0,0.029,0,0,1,0.254,2,966,174,0
106,7,0,6,0.384,3,3,2,0.68,7,0,11,1
56,1,0,0,0.057,0,0,1,0.162,2,2462,154,0
88,8,0,6,0.112,1,2,1,0.796,16,4,21,1
39,3,0,0,0.061,1,0,0,0.102,1,2328,352,0
54,1,0,2,0.067,0,0,0,0.121,0,2718,105,0
40,1,0,1,0.016,0,0,0,0.266,0,334,258,0
50,3,0,1,0.037,1,0,0,0.228,1,2485,365,0
83,6,0,2,0.167,2,0,0,0.684,13,42,9,1
123,7,0,5,0.321,4,1,0,0.995,19,29,14,1
31,3,0,1,0.08,1,0,0,0.148,1,2380,185,0
80,8,0,6,0.306,4,3,2,0.605,6,25,23,1
60,3,0,0,0.082,1,0,1,0.073,1,1872,303,0
32,3,0,1,0.017,1,0,1,0.189,0,2096,164,0
52,1,0,1,0.051,1,0,1,0.261,2,2815,269,0
33,3,0,0,0.076,1,0,1,0.298,0,537,152,0
24,3,0,1,0.092,1,0,1,0.109,1,1222,342,0
127,6,0,3,0.378,2,2,1,0.988,8,11,23,1
54,3,0,1,0.077,0,0,0,0.165,0,766,363,0
24,2,0,0,0.028,1,0,0,0.047,2,732,311,0
30,2,0,1,0.094,1,0,1,0.026,3,1949,361,0
50,3,0,0,0.02,0,0,0,0.264,1,2206,246,0
66,7,1,5,0.331,4,3,0,0.628,12,33,22,1
55,2,0,1,0.064,0,0,0,0.237,2,428,128,0
53,8,1,3,0.563,3,2,0,0.917,13,29,9,1
53,3,0,1,0.024,1,0,0,0.238,0,2781,206,0
120,4,0,2,0.197,1,0,0,0.826,16,20,13,1
34,1,0,1,0.084,1,0,1,0.241,3,2973,280,0
25,1,0,2,0.024,0,0,0,0.188,2,1894,212,0
55,1,0,1,0.019,0,0,1,0.02,2,2358,279,0
38,1,0,1,0.08,1,0,0,0.159,0,976,348,0
24,3,0,2,0.015,1,0,1,0.275,1,2564,264,0
31,1,0,0,0.045,0,0,0,0.105,3,1483,182,0
32,3,0,1,0.043,1,0,0,0.172,3,2790,201,0
65,4,0,6,0.409,2,3,1,0.746,8,30,18,1
104,3,1,4,0.195,1,3,0,0.76,6,22,22,1
77,8,0,4,0.37,4,1,0,0.707,16,18,8,1
30,3,0,0,0.073,1,0,0,0.064,3,3576,355,0
22,3,0,0,0.076,0,0,0,0.199,0,849,250,0
60,1,0,0,0.077,1,0,1,0.241,1,2751,310,0
66,8,1,6,0.13,4,3,1,0.769,13,35,14,1
22,2,0,2,0.003,1,0,0,0.179,3,3612,269,0
57,1,0,0,0.071,0,0,1,0.3,0,745,196,0
89,3,1,3,0.481,1,0,1,0.669,20,13,4,1
39,3,0,0,0.055,0,0,0,0.209,0,496,161,0
124,8,1,5,0.142,2,0,0,0.975,10,41,29,1
39,3,0,0,0.022,0,0,0,0.108,0,1486,170,0
55,2,0,1,0.0,0,0,1,0.044,1,2271,282,0
24,1,0,2,0.06,1,0,0,0.234,3,2530,277,0
96,3,0,2,0.598,1,3,2,0.683,10,21,24,1
61,7,0,3,0.302,3,3,2,0.692,12,21,28,1
84,7,0,3,0.556,4,1,2,0.776,11,45,13,1
31,2,0,0,0.022,1,0,0,0.218,2,2358,214,0
56,5,0,4,0.495,3,0,0,0.743,12,24,0,1
64,7,1,4,0.353,2,3,2,0.966,10,25,9,1
46,3,0,0,0.031,0,0,0,0.022,0,2034,289,0
51,3,0,2,0.03,1,0,0,0.171,2,2415,362,0
36,3,0,0,0.064,1,0,1,0.077,0,931,191,0
40,3,0,1,0.06,1,0,1,0.124,2,1778,172,0
108,6,1,4,0.111,2,2,1,0.861,8,21,24,1
69,8,0,5,0.468,1,3,2,0.767,9,6,16,1
95,5,0,4,0.542,1,2,1,0.839,10,21,11,1
42,2,0,1,0.091,0,0,1,0.003,3,1405,154,0
36,1,0,1,0.022,0,0,0,0.116,1,2701,109,0
74,5,0,6,0.478,2,2,1,0.681,7,20,20,1
49,1,0,2,0.004,1,0,0,0.045,1,1659,103,0
34,3,0,1,0.009,1,0,0,0.102,0,1135,158,0
56,1,0,2,0.053,0,0,0,0.099,0,1209,219,0
39,2,0,1,0.019,0,0,0,0.096,2,1464,312,0
96,7,0,4,0.489,4,1,2,0.825,15,5,25,1
47,1,0,1,0.077,1,0,1,0.148,0,3223,233,0
84,6,1,5,0.482,4,0,2,0.927,6,12,0,1
123,7,0,4,0.539,3,0,1,0.97,20,29,10,1
89,5,0,5,0.273,5,0,2,0.867,10,35,17,1
95,3,1,2,0.154,2,3,1,0.777,8,40,26,1
92,3,0,6,0.354,5,0,1,0.605,19,21,20,1
34,1,0,1,0.017,1,0,1,0.209,1,3162,363,0
79,6,0,2,0.325,4,2,2,0.614,19,5,27,1
37,2,0,2,0.046,1,0,1,0.284,1,3334,343,0
48,3,0,0,0.085,1,0,1,0.093,3,2934,319,0
65,6,1,6,0.447,2,2,1,0.664,20,16,0,1
31,2,0,0,0.081,0,0,0,0.009,3,1993,211,0
22,2,0,0,0.027,0,0,0,0.195,0,2191,166,0
35,1,0,2,0.004,1,0,0,0.032,0,2723,180,0
70,7,1,6,0.436,4,3,0,0.721,18,9,13,1
48,3,0,2,0.022,0,0,1,0.223,0,794,192,0
49,1,0,2,0.084,1,0,0,0.137,0,3074,163,0
33,2,0,1,0.07,0,0,0,0.058,1,2545,169,0
50,3,1,6,0.321,1,2,2,0.885,9,32,1,1
23,2,0,0,0.065,1,0,0,0.271,0,2548,112,0
26,3,0,1,0.003,1,0,1,0.251,3,3042,124,0
60,1,0,2,0.056,0,0,0,0.238,3,1182,357,0
122,3,1,2,0.229,2,1,0,0.751,9,39,21,1
109,5,0,5,0.203,2,2,0,0.624,20,-1,30,1
120,5,0,2,0.413,1,3,0,0.601,8,28,25,1
60,1,0,0,0.033,0,0,1,0.016,3,1768,169,0
149,5,1,2,0.178,1,3,1,0.627,20,34,14,1
29,1,0,0,0.027,1,0,0,0.243,3,3151,347,0
54,3,0,0,0.038,1,0,0,0.008,1,438,174,0
24,3,0,0,0.059,1,0,1,0.012,1,1300,247,0
101,5,0,6,0.391,3,1,2,0.758,17,27,0,1
114,6,0,2,0.551,5,2,0,0.733,12,19,9,1
58,1,0,1,0.044,0,0,0,0.069,0,2099,353,0
44,3,0,1,0.09,1,0,0,0.034,2,2359,246,0
42,2,0,2,0.088,0,0,0,0.043,2,1845,267,0
44,1,0,1,0.04,1,0,1,0.255,2,1548,343,0
21,2,0,0,0.095,0,0,0,0.174,2,2178,290,0
60,4,1,6,0.128,4,3,1,0.721,18,32,11,1
77,6,0,4,0.254,2,0,1,0.802,5,18,28,1
138,4,1,2,0.17,4,2,2,0.99,10,31,7,1
53,3,0,0,0.0,1,0,1,0.016,3,1087,145,0
126,5,0,4,0.433,1,1,0,0.685,5,22,23,1
52,5,1,4,0.119,3,1,0,0.926,18,38,0,1
116,5,0,5,0.296,3,1,0,0.706,7,24,11,1
75,5,0,6,0.194,5,0,0,0.757,11,13,4,1
34,3,0,2,0.012,1,0,0,0.05,3,1533,299,0
28,1,0,1,0.094,1,0,0,0.15,2,3531,148,0
53,1,0,0,0.087,1,0,0,0.003,0,3186,156,0
52,3,0,1,0.001,1,0,1,0.021,2,2071,278,0
44,2,0,2,0.002,1,0,0,0.112,1,445,332,0
136,7,1,5,0.165,3,0,1,0.627,19,35,8,1
80,5,0,4,0.249,2,2,1,0.974,10,35,27,1
45,2,0,0,0.011,1,0,0,0.21,0,761,236,0
110,8,1,4,0.25,5,0,0,0.675,19,11,0,1
102,7,0,2,0.122,2,3,1,0.814,14,37,23,1
25,3,0,0,0.08,0,0,0,0.092,1,2500,194,0
88,7,1,5,0.525,2,3,2,0.998,12,11,8,1
101,4,1,5,0.453,4,2,1,0.784,18,36,-1,1
111,5,0,6,0.121,3,1,1,0.611,19,18,1,1
69,4,0,6,0.428,3,1,0,0.93,10,11,15,1
69,8,0,6,0.112,4,1,2,0.773,6,14,16,1
106,8,0,3,0.31,2,2,2,0.605,9,21,2,1
99,8,0,2,0.113,1,3,0,0.986,20,30,25,1
63,7,0,2,0.334,1,0,0,0.728,11,-1,0,1
53,1,0,2,0.039,1,0,1,0.146,3,2143,260,0
41,2,0,0,0.007,0,0,0,0.105,2,841,261,0
118,6,1,6,0.136,4,0,2,0.843,16,43,21,1
56,4,0,4,0.47,2,3,0,0.845,11,26,7,1
39,2,0,0,0.042,1,0,1,0.024,3,2308,253,0
139,7,0,3,0.34,1,0,0,0.84,7,16,9,1
136,4,0,2,0.446,4,2,1,0.849,9,28,0,1
119,8,0,2,0.55,4,2,2,0.824,13,39,14,1
41,2,0,0,0.087,0,0,1,0.0,2,1237,178,0
110,6,0,2,0.377,3,3,1,0.973,5,11,28,1
98,5,0,5,0.177,2,1,2,0.676,6,3,4,1
38,1,0,1,0.048,1,0,1,0.108,1,3114,339,0
73,3,0,4,0.409,5,0,0,0.639,10,15,17,1
52,1,0,0,0.002,0,0,1,0.15,3,964,92,0
44,2,0,1,0.062,0,0,1,0.057,3,2917,290,0
99,3,0,3,0.497,2,1,0,0.876,5,28,21,1
54,5,0,4,0.213,4,0,1,0.991,14,21,20,1
122,4,0,4,0.179,5,1,1,0.643,6,4,-1,1
69,5,0,3,0.153,1,1,1,0.62,12,10,0,1
64,5,0,4,0.346,2,1,1,0.929,9,45,16,1
114,7,0,5,0.554,5,0,1,0.88,10,8,22,1
135,5,0,2,0.154,2,3,1,0.792,15,17,12,1
44,3,0,0,0.053,1,0,1,0.063,2,1887,90,0
45,2,0,2,0.042,0,0,0,0.205,2,3434,156,0
57,2,0,1,0.03,1,0,1,0.259,0,543,355,0
141,3,0,3,0.327,4,1,1,0.63,18,24,16,1
22,1,0,0,0.054,0,0,1,0.094,0,492,336,0
41,2,0,2,0.034,1,0,1,0.074,3,1464,192,0
35,2,0,0,0.029,1,0,1,0.299,0,548,262,0
108,6,1,5,0.529,2,3,1,0.84,5,33,20,1
33,1,0,0,0.064,1,0,0,0.224,1,740,113,0
127,7,0,5,0.518,4,2,0,0.81,10,40,30,1
104,8,1,3,0.11,4,0,2,0.966,14,43,18,1
52,1,0,2,0.009,1,0,0,0.017,0,1809,352,0
33,1,0,0,0.089,1,0,1,0.248,1,826,195,0
136,8,1,2,0.298,3,1,0,0.888,19,10,11,1
46,3,0,1,0.058,1,0,0,0.26,3,1565,225,0
65,8,1,3,0.408,2,0,2,0.717,18,3,2,1
21,1,0,0,0.039,1,0,0,0.027,2,1560,173,0
60,8,0,6,0.182,3,2,2,0.854,17,25,12,1
146,5,1,6,0.546,4,0,2,0.683,15,1,27,1
24,3,0,1,0.095,1,0,0,0.109,2,1780,165,0
92,8,0,6,0.503,2,3,0,0.968,12,35,23,1
74,4,0,4,0.554,4,2,1,0.605,16,11,24,1
49,2,0,0,0.086,1,0,0,0.01,2,1147,202,0
66,3,0,2,0.563,3,0,2,0.826,17,32,30,1
59,3,0,0,0.061,0,0,1,0.23,1,1614,238,0
25,3,0,1,0.003,1,0,0,0.078,0,3635,292,0
32,3,0,0,0.094,1,0,0,0.274,2,1530,362,0
56,1,0,1,0.081,1,0,0,0.182,2,2818,175,0
26,3,0,0,0.026,1,0,0,0.162,2,1712,219,0
44,3,0,2,0.067,0,0,0,0.228,2,2437,123,0
40,3,0,1,0.074,0,0,1,0.23,0,3026,322,0
72,8,0,2,0.396,3,1,2,0.89,19,45,30,1
46,1,0,1,0.035,0,0,0,0.126,0,1604,236,0
58,3,0,0,0.01,1,0,1,0.027,0,1220,223,0
43,3,0,1,0.06,0,0,1,0.128,0,3495,128,0
56,1,0,2,0.09,0,0,1,0.127,2,1944,253,0
28,1,0,1,0.036,0,0,1,0.274,0,2143,139,0
131,3,1,2,0.123,1,3,2,0.711,6,25,18,1
56,2,0,2,0.042,1,0,0,0.241,3,1173,321,0
27,2,0,0,0.055,0,0,1,0.111,0,3595,201,0
118,3,1,5,0.198,1,3,2,0.987,12,24,23,1
50,3,0,0,0.081,1,0,1,0.161,1,1541,255,0
34,3,0,1,0.055,1,0,0,0.019,0,959,280,0
146,5,0,2,0.559,2,3,1,0.946,5,10,18,1
76,5,0,4,0.333,3,3,0,0.806,15,10,6,1
24,2,0,1,0.003,1,0,0,0.238,2,938,287,0
141,7,1,4,0.473,5,0,0,0.687,19,10,14,1
53,3,0,1,0.06,0,0,1,0.137,3,1756,253,0
115,7,1,5,0.57,3,0,1,0.681,19,45,17,1
60,1,0,1,0.027,1,0,1,0.289,3,2303,244,0
60,4,0,3,0.496,5,1,2,0.651,18,5,2,1
31,1,0,1,0.0,0,0,0,0.047,2,1933,231,0
23,2,0,1,0.079,0,0,0,0.218,1,2198,237,0
31,3,0,2,0.039,0,0,1,0.125,0,687,123,0
23,1,0,0,0.024,1,0,0,0.013,0,3261,245,0
20,3,0,2,0.055,1,0,0,0.299,1,3389,241,0
71,5,0,2,0.552,4,2,1,0.869,9,29,2,1
47,2,0,0,0.098,0,0,0,0.066,0,937,349,0
28,3,0,2,0.05,1,0,0,0.015,2,1248,337,0
141,7,0,2,0.479,4,2,0,0.774,19,20,8,1
132,5,0,5,0.561,3,0,1,0.758,9,5,-1,1
94,5,0,3,0.391,5,0,2,0.762,15,10,30,1
85,5,0,6,0.194,5,2,1,0.612,6,29,21,1
138,4,0,6,0.106,3,0,0,0.775,12,45,10,1
42,3,0,1,0.025,0,0,1,0.289,2,2586,344,0
33,3,0,2,0.018,0,0,0,0.251,2,2216,280,0
57,5,0,4,0.413,4,3,2,0.882,6,14,24,1
83,7,1,6,0.242,4,0,0,0.871,7,43,8,1
59,1,0,0,0.032,1,0,1,0.213,1,1116,251,0
21,3,0,0,0.074,1,0,1,0.106,1,2419,204,0
53,5,1,5,0.377,3,1,1,0.878,9,29,18,1
54,2,0,2,0.088,0,0,1,0.284,2,1022,272,0
59,1,0,1,0.06,1,0,0,0.132,3,902,358,0
138,3,0,2,0.55,2,1,2,0.67,11,11,8,1
44,2,0,0,0.066,1,0,1,0.087,0,1874,142,0
49,1,0,1,0.076,1,0,1,0.013,1,495,339,0
49,1,0,0,0.03,0,0,1,0.015,2,2174,224,0
49,2,0,1,0.023,0,0,0,0.132,1,518,183,0
146,6,0,5,0.145,2,2,1,0.833,7,36,19,1
30,2,0,0,0.073,0,0,1,0.035,3,2851,239,0
24,1,0,1,0.003,1,0,0,0.244,3,2584,93,0
141,7,1,2,0.128,1,3,2,0.967,14,7,6,1
140,5,1,5,0.384,5,0,0,0.636,5,22,29,1
106,6,1,5,0.196,3,3,2,0.683,18,12,27,1
87,5,0,6,0.298,2,1,1,0.752,7,34,29,1
76,4,1,2,0.453,3,0,1,0.753,7,38,6,1
29,1,0,1,0.059,1,0,0,0.164,2,1378,214,0
147,6,0,3,0.492,2,3,0,0.939,19,45,10,1
150,8,0,3,0.332,4,3,1,0.827,8,42,3,1
109,7,0,6,0.2,5,3,0,0.724,9,43,13,1
115,3,1,3,0.219,2,3,0,0.823,18,9,8,1
112,4,1,2,0.29,3,0,1,0.855,19,7,4,1
149,3,0,4,0.571,3,1,0,0.737,14,32,-1,1
46,3,0,1,0.029,0,0,0,0.202,2,640,311,0
31,1,0,2,0.026,1,0,1,0.053,3,2698,277,0
50,3,0,2,0.074,1,0,0,0.066,1,1641,165,0
20,3,0,1,0.012,0,0,0,0.017,1,2814,146,0
131,8,0,6,0.461,4,2,1,0.819,7,20,10,1
33,3,0,2,0.079,0,0,1,0.279,2,2313,292,0
28,2,0,1,0.1,1,0,0,0.027,3,2962,331,0
56,3,0,2,0.037,1,0,1,0.103,2,499,136,0
46,3,0,2,0.062,0,0,0,0.256,2,1463,145,0
110,7,1,4,0.334,2,3,2,0.951,17,3,27,1
38,1,0,1,0.068,1,0,0,0.06,1,1328,167,0
114,5,0,3,0.258,1,3,1,0.922,11,0,18,1
34,1,0,2,0.057,1,0,0,0.232,1,2783,149,0
60,1,0,0,0.016,1,0,1,0.014,3,1736,142,0
62,4,0,6,0.368,3,0,0,0.929,20,39,20,1
143,6,0,3,0.456,4,3,1,0.951,20,21,20,1
86,8,1,2,0.287,2,0,2,0.969,16,20,3,1
147,7,0,2,0.106,4,0,1,0.693,17,18,5,1
52,3,0,0,0.086,0,0,0,0.247,0,2097,309,0
51,1,0,2,0.042,1,0,1,0.074,0,2894,289,0
39,1,0,2,0.041,1,0,0,0.094,1,1693,120,0
24,2,0,2,0.035,0,0,0,0.084,1,2556,282,0
75,7,0,6,0.14,3,1,2,0.849,20,43,12,1
48,3,0,0,0.034,1,0,1,0.245,0,995,99,0
79,3,1,4,0.326,2,0,1,0.923,14,40,10,1
112,8,1,4,0.476,2,1,1,0.687,12,11,4,1
69,5,1,4,0.505,1,1,1,0.677,8,38,18,1
134,7,0,2,0.573,5,3,0,0.846,11,16,-1,1
60,3,0,6,0.259,2,2,1,0.774,5,35,3,1
36,2,0,0,0.032,0,0,1,0.049,2,2123,228,0
26,2,0,2,0.067,0,0,0,0.145,1,1790,239,0
68,4,1,2,0.365,5,3,2,0.744,15,0,30,1
123,3,0,4,0.509,5,1,2,0.693,9,45,20,1
112,5,1,5,0.18,5,0,2,0.752,14,31,5,1
36,1,0,1,0.069,0,0,0,0.084,0,1747,224,0
57,2,0,0,0.04,0,0,0,0.259,1,2895,166,0
47,1,0,0,0.066,0,0,1,0.091,1,593,320,0
82,8,0,3,0.356,1,3,1,0.703,16,43,4,1
41,2,0,0,0.019,0,0,1,0.183,0,1827,284,0
42,2,0,2,0.003,1,0,0,0.01,1,413,286,0
47,2,0,2,0.001,1,0,1,0.038,3,313,330,0
30,3,0,2,0.053,1,0,0,0.256,3,845,282,0
51,3,0,0,0.069,0,0,1,0.102,3,2435,178,0
49,3,0,0,0.066,1,0,0,0.23,2,2673,103,0
42,1,0,0,0.045,1,0,1,0.172,1,2366,300,0
119,3,0,5,0.595,4,2,1,0.774,10,3,18,1
30,3,0,2,0.049,0,0,1,0.243,0,1887,358,0
109,7,1,6,0.5,3,0,1,0.765,14,16,18,1
29,3,0,0,0.092,1,0,1,0.034,2,3513,345,0
100,4,1,3,0.297,4,2,0,0.679,12,1,30,1
147,4,0,6,0.517,4,2,1,0.925,20,32,3,1
137,8,0,3,0.506,3,0,0,0.894,7,37,25,1
59,3,0,2,0.362,2,0,2,0.634,13,25,0,1
75,4,1,6,0.457,2,0,2,0.674,17,38,14,1
43,3,0,0,0.085,0,0,1,0.19,2,3497,300,0
60,3,0,2,0.032,0,0,1,0.257,3,1080,324,0
50,3,0,0,0.064,0,0,0,0.251,1,3554,117,0
133,7,0,2,0.52,5,0,2,0.632,5,35,11,1
43,1,0,0,0.041,1,0,1,0.189,1,970,220,0
55,3,0,0,0.065,0,0,0,0.139,2,2877,270,0
41,3,0,2,0.003,0,0,1,0.246,1,2773,112,0
27,1,0,1,0.026,1,0,1,0.019,0,3011,254,0
58,3,0,4,0.116,1,3,2,0.918,15,6,18,1
55,3,0,4,0.244,1,3,2,0.655,14,12,24,1
145,3,0,3,0.508,5,0,2,0.829,18,32,22,1
44,3,0,1,0.021,0,0,0,0.121,1,815,264,0
95,5,1,4,0.301,3,0,2,0.905,13,35,4,1
131,6,0,4,0.354,3,1,2,0.957,7,19,29,1
148,5,1,5,0.288,1,2,2,0.761,15,19,13,1
122,3,0,6,0.247,4,2,2,0.957,15,26,21,1
143,6,0,5,0.388,4,0,0,0.613,20,41,21,1
130,4,0,4,0.474,1,0,2,0.615,14,8,0,1
150,5,0,6,0.281,4,1,1,0.835,14,7,11,1
36,1,0,1,0.088,1,0,1,0.071,0,2580,184,0
55,1,0,0,0.01,0,0,0,0.285,3,2199,103,0
51,3,0,0,0.033,1,0,1,0.039,0,598,149,0
41,2,0,1,0.036,0,0,1,0.263,0,1817,279,0
30,3,0,0,0.016,0,0,1,0.11,3,1236,335,0
50,1,0,2,0.038,0,0,0,0.009,3,1817,199,0
102,8,1,5,0.111,1,2,1,0.895,14,31,30,1
49,1,0,1,0.081,1,0,0,0.255,3,2146,316,0
104,6,0,3,0.188,2,3,0,0.865,15,8,28,1
87,6,0,6,0.142,4,3,1,0.696,12,39,18,1
54,6,0,6,0.354,3,1,2,0.909,9,36,12,1
21,3,0,1,0.061,0,0,0,0.084,0,975,187,0
143,8,0,4,0.539,4,2,1,0.843,13,26,9,1
27,3,0,2,0.047,0,0,1,0.28,0,372,232,0
38,2,0,1,0.008,0,0,1,0.292,3,364,342,0
43,3,0,0,0.028,1,0,1,0.013,0,1154,282,0
28,1,0,0,0.076,0,0,0,0.018,1,3088,160,0
101,7,1,3,0.102,1,3,1,0.724,15,27,14,1
20,1,0,0,0.08,0,0,1,0.109,2,543,198,0
87,4,0,2,0.491,1,3,2,0.719,16,0,1,1
48,3,0,1,0.001,1,0,0,0.024,0,2851,339,0
51,2,0,2,0.041,1,0,0,0.273,1,2400,346,0
50,3,0,0,0.098,1,0,0,0.139,2,375,140,0
94,7,0,3,0.204,2,1,0,0.68,15,40,19,1
116,8,0,4,0.367,3,2,2,0.929,9,8,9,1
128,7,0,5,0.491,5,2,1,0.744,9,3,8,1
50,6,0,3,0.253,3,1,2,0.715,14,36,18,1
75,6,1,2,0.506,4,3,2,0.995,5,35,9,1
44,1,0,2,0.063,1,0,1,0.16,2,3102,224,0
78,4,1,2,0.151,1,1,0,0.703,13,32,0,1
84,6,0,3,0.381,4,2,0,0.61,16,16,5,1
63,6,0,5,0.19,4,3,2,0.675,8,38,16,1
55,3,0,1,0.056,1,0,0,0.026,1,786,286,0
44,1,0,2,0.099,1,0,0,0.277,3,2732,139,0
141,4,0,4,0.53,5,1,1,0.75,7,39,24,1
56,2,0,0,0.057,1,0,1,0.254,0,3535,158,0
131,5,1,3,0.103,3,3,1,0.69,16,44,29,1
41,3,0,2,0.042,0,0,1,0.182,3,3382,192,0
132,4,1,3,0.205,3,3,0,0.615,20,14,11,1
68,4,0,6,0.258,5,1,2,0.854,6,12,1,1
53,3,0,0,0.028,0,0,0,0.109,3,1856,153,0
97,3,0,4,0.256,5,0,2,0.87,11,24,16,1
48,2,0,0,0.013,0,0,0,0.115,3,2370,140,0
56,3,0,3,0.382,4,1,1,0.827,19,9,19,1
56,1,0,1,0.006,1,0,1,0.214,2,1803,186,0
35,2,0,0,0.048,1,0,1,0.037,0,1341,114,0
25,2,0,2,0.087,1,0,0,0.264,0,1516,90,0
80,6,1,2,0.231,2,2,0,0.956,6,31,21,1
120,8,1,5,0.518,2,1,2,0.856,18,0,0,1
123,8,0,2,0.541,4,1,0,0.916,6,42,18,1
147,4,0,3,0.536,4,0,2,0.795,14,31,22,1
40,3,0,2,0.087,1,0,1,0.062,0,1111,186,0
72,7,0,2,0.409,2,1,0,0.941,6,28,4,1
39,1,0,0,0.094,1,0,1,0.234,2,2103,207,0
150,4,0,6,0.192,3,1,2,0.977,17,-1,29,1
51,1,0,2,0.044,0,0,0,0.227,2,952,298,0
24,3,0,2,0.024,1,0,0,0.165,2,351,360,0
107,6,0,2,0.416,3,3,2,0.759,9,32,15,1
30,3,0,2,0.033,1,0,1,0.23,2,833,339,0
43,1,0,2,0.085,0,0,1,0.269,1,3249,343,0
35,3,0,1,0.014,0,0,0,0.093,0,2973,154,0
21,3,0,0,0.019,0,0,0,0.221,1,2486,354,0
101,5,0,3,0.276,1,0,1,0.897,15,32,13,1
85,4,0,6,0.412,3,3,0,0.809,12,12,17,1
42,3,0,0,0.1,1,0,0,0.291,2,2768,194,0
62,8,0,3,0.585,1,2,1,0.915,15,22,14,1
93,6,0,5,0.382,3,1,0,0.645,10,1,19,1
94,6,1,5,0.314,3,3,0,0.696,6,29,28,1
35,3,0,2,0.068,1,0,1,0.221,3,3438,296,0
115,7,0,4,0.153,1,1,1,0.733,6,9,25,1
66,7,0,6,0.401,3,1,0,0.859,14,0,9,1
49,3,0,0,0.07,0,0,0,0.213,3,1784,225,0
103,8,1,6,0.278,4,1,0,0.859,19,30,17,1
99,5,0,5,0.592,3,2,2,0.77,11,39,12,1
89,6,0,2,0.595,5,0,2,0.715,17,27,19,1
26,3,0,2,0.023,0,0,1,0.096,1,3450,110,0
33,3,0,0,0.063,1,0,1,0.168,3,2344,194,0
52,1,0,2,0.063,0,0,0,0.102,0,511,281,0
107,4,1,5,0.291,2,0,0,0.806,17,39,23,1
46,3,0,1,0.037,0,0,0,0.168,2,1329,107,0
117,5,0,3,0.412,2,1,2,0.987,12,44,27,1
52,3,0,6,0.406,1,0,1,0.791,20,28,-1,1
30,1,0,1,0.096,1,0,1,0.133,3,2202,208,0
59,3,0,1,0.004,1,0,1,0.063,0,2977,318,0
33,3,0,1,0.062,1,0,1,0.007,3,520,109,0
68,5,0,5,0.425,5,3,0,0.627,20,4,11,1
44,3,0,0,0.038,0,0,1,0.006,0,1741,260,0
30,2,0,0,0.052,1,0,0,0.195,0,1937,122,0
51,1,0,0,0.093,0,0,0,0.199,2,3369,221,0
55,2,0,1,0.079,1,0,1,0.237,0,2489,105,0
72,8,0,6,0.389,2,1,1,0.689,7,42,15,1
126,3,1,6,0.299,1,2,2,0.778,7,30,16,1
90,5,0,4,0.42,3,1,0,0.745,16,41,21,1
120,4,0,5,0.133,5,3,1,0.96,19,13,26,1
37,3,0,1,0.069,1,0,1,0.031,1,711,195,0
52,1,0,0,0.089,1,0,0,0.267,3,2558,230,0
86,5,0,3,0.233,5,1,0,0.977,20,24,23,1
113,4,0,6,0.391,2,3,0,0.728,17,15,17,1
132,4,0,4,0.251,4,2,2,0.659,20,29,29,1
148,4,0,3,0.363,5,2,1,0.928,20,5,0,1
39,1,0,2,0.023,0,0,0,0.034,0,1230,100,0
29,1,0,0,0.063,1,0,1,0.11,3,2076,334,0
26,2,0,1,0.017,0,0,0,0.279,0,685,104,0
127,8,0,3,0.258,2,3,2,0.768,13,10,10,1
59,8,0,3,0.527,2,2,0,0.959,12,31,9,1
90,4,1,6,0.219,4,0,0,0.923,12,15,8,1
95,4,0,4,0.215,2,3,2,0.864,7,2,28,1
132,4,1,5,0.398,2,2,1,0.711,19,10,21,1
118,8,1,6,0.124,2,0,0,0.88,9,31,25,1
54,2,0,2,0.069,0,0,1,0.227,3,1354,175,0
57,1,0,1,0.075,1,0,0,0.092,3,1997,353,0
43,3,0,1,0.066,0,0,0,0.174,1,378,354,0
85,8,0,2,0.485,2,3,1,0.615,19,15,19,1
35,3,0,2,0.036,0,0,0,0.054,1,1906,132,0
40,2,0,1,0.092,0,0,0,0.287,2,1393,97,0
23,1,0,1,0.061,1,0,1,0.043,1,1435,153,0
26,1,0,0,0.076,1,0,0,0.263,0,2698,363,0
148,3,1,2,0.3,2,3,2,0.961,15,36,13,1
87,3,0,3,0.146,1,2,0,0.847,17,20,28,1
118,3,0,6,0.407,4,1,1,0.999,14,23,15,1
30,3,0,2,0.095,0,0,1,0.09,3,2932,161,0
135,3,0,5,0.185,4,0,1,0.759,19,11,-1,1
68,8,0,6,0.459,4,0,0,0.736,8,6,2,1
25,3,0,2,0.07,1,0,0,0.043,2,2610,143,0
74,6,0,6,0.417,3,1,1,0.7,9,20,13,1
35,2,0,2,0.092,0,0,0,0.277,1,1707,275,0
53,3,0,2,0.068,1,0,1,0.053,3,807,319,0
54,1,0,1,0.043,1,0,1,0.276,1,1927,345,0
130,4,0,4,0.254,3,1,1,0.693,9,0,16,1
34,1,0,1,0.07,0,0,0,0.136,0,2806,125,0
30,2,0,1,0.066,0,0,0,0.237,1,3605,112,0
111,7,1,4,0.198,4,2,2,0.948,15,17,25,1
71,5,0,3,0.507,1,1,0,0.783,10,9,29,1
128,8,0,5,0.572,1,1,0,0.844,20,5,13,1
112,6,0,6,0.519,2,2,0,0.847,10,24,15,1
141,7,0,5,0.185,2,3,1,0.711,15,15,18,1
49,3,0,1,0.035,0,0,0,0.224,2,2044,145,0
117,5,0,3,0.587,4,3,1,0.662,10,6,25,1
60,3,0,1,0.081,0,0,1,0.069,1,657,209,0
140,6,0,4,0.461,3,1,2,0.955,18,15,0,1
81,6,0,5,0.151,2,1,2,0.721,5,2,4,1
116,3,0,6,0.475,1,3,2,0.952,8,15,3,1
44,3,0,2,0.095,0,0,0,0.255,1,657,182,0
21,3,0,0,0.039,0,0,1,0.179,1,2945,104,0
149,5,1,6,0.534,1,1,1,0.98,6,4,28,1
123,6,1,5,0.348,4,0,1,0.735,8,7,7,1
44,3,0,0,0.001,1,0,1,0.145,3,3364,354,0
57,1,0,1,0.1,1,0,0,0.119,1,3078,162,0
76,4,1,6,0.529,2,3,1,0.652,16,41,20,1
123,3,1,3,0.326,2,3,1,0.71,5,44,26,1
149,6,0,6,0.538,4,1,0,0.848,9,25,21,1
25,2,0,2,0.088,1,0,1,0.228,3,743,198,0
76,3,0,4,0.39,2,1,0,0.886,16,3,29,1
110,6,0,4,0.112,2,1,0,0.781,9,8,13,1
50,3,0,1,0.092,0,0,1,0.248,2,1191,351,0
36,3,0,0,0.063,0,0,1,0.227,1,1918,161,0
129,7,1,6,0.205,1,1,1,0.919,6,14,16,1
42,3,0,0,0.056,0,0,1,0.06,1,402,293,0
22,2,0,0,0.085,1,0,1,0.175,2,3334,255,0
29,2,0,0,0.07,0,0,0,0.145,2,2566,201,0
60,1,0,2,0.092,1,0,0,0.289,3,3541,235,0
49,2,0,2,0.013,1,0,1,0.228,0,466,136,0
42,2,0,1,0.036,0,0,1,0.114,3,304,199,0
119,8,0,6,0.135,1,1,0,0.603,19,25,6,1
40,3,0,1,0.002,1,0,1,0.014,3,3329,313,0
129,7,0,4,0.591,3,1,1,0.64,8,12,12,1
128,8,0,3,0.282,2,2,2,0.849,11,20,5,1
150,4,0,5,0.227,1,0,0,0.899,5,5,0,1
117,7,1,3,0.423,3,0,2,0.677,18,43,28,1
23,2,0,2,0.009,1,0,0,0.196,1,1240,187,0
119,3,0,4,0.571,3,1,2,0.832,7,5,1,1
74,7,0,2,0.546,1,2,1,0.714,15,1,26,1
37,3,0,2,0.02,1,0,1,0.112,2,971,228,0
53,2,0,1,0.073,0,0,1,0.054,1,3081,245,0
59,3,0,0,0.049,0,0,0,0.079,1,319,316,0
42,3,0,0,0.018,0,0,0,0.139,3,2740,258,0
82,8,0,4,0.414,1,2,0,0.839,15,9,14,1
139,3,0,6,0.225,1,2,2,0.739,7,14,1,1
79,4,0,5,0.353,4,2,1,0.919,19,0,25,1
40,1,0,0,0.032,0,0,1,0.122,1,982,154,0
44,3,0,2,0.072,1,0,1,0.072,2,1272,141,0
73,3,0,3,0.14,3,0,2,0.824,18,13,17,1
53,3,0,1,0.014,1,0,0,0.006,3,1216,276,0
144,6,0,3,0.283,1,1,2,0.685,6,2,1,1
44,3,0,1,0.064,1,0,1,0.022,3,2380,362,0
39,2,0,0,0.051,0,0,0,0.129,3,1842,211,0
29,2,0,0,0.084,1,0,0,0.199,3,1112,204,0
98,3,1,5,0.526,5,0,2,0.63,19,24,10,1
97,5,0,3,0.276,1,1,2,0.751,12,29,11,1
94,6,0,6,0.577,2,3,0,0.842,15,20,9,1
88,6,1,3,0.162,3,3,0,0.641,18,17,9,1
87,6,0,3,0.354,4,0,2,0.917,17,21,-1,1
121,5,1,6,0.404,2,3,0,0.942,19,1,16,1
135,3,0,5,0.243,4,2,2,0.699,19,3,-1,1
21,2,0,2,0.005,0,0,0,0.181,2,544,329,0
93,6,0,3,0.336,1,3,1,0.909,20,28,22,1
42,3,0,1,0.018,0,0,0,0.219,0,2646,356,0
92,6,0,4,0.164,5,0,0,0.889,13,44,29,1
111,8,0,3,0.588,4,0,1,0.91,7,36,11,1
53,2,0,1,0.05,1,0,1,0.064,3,1177,273,0
119,7,0,6,0.477,2,1,2,0.98,10,23,5,1
139,8,1,2,0.263,3,1,1,0.965,19,41,26,1
96,3,1,4,0.511,4,3,2,0.965,18,27,24,1
63,3,0,6,0.56,2,1,2,0.758,19,6,18,1
76,7,0,6,0.526,4,1,0,0.628,15,32,14,1
52,3,0,6,0.208,5,2,2,0.669,15,24,23,1
37,3,0,0,0.073,1,0,1,0.05,3,3635,226,0
49,3,0,1,0.051,0,0,0,0.154,2,2364,131,0
33,1,0,2,0.018,1,0,1,0.178,1,2415,284,0
112,8,1,6,0.517,5,3,1,0.998,5,17,20,1
58,2,0,0,0.019,0,0,1,0.028,2,3438,243,0
54,6,0,2,0.238,1,1,0,0.941,12,24,16,1
34,3,0,2,0.08,1,0,1,0.012,2,2233,158,0
40,3,0,0,0.085,0,0,1,0.098,2,3191,147,0
143,8,0,2,0.272,5,1,1,0.717,19,29,21,1
30,3,0,2,0.018,1,0,1,0.285,1,2025,233,0
31,1,0,0,0.098,1,0,0,0.233,2,3576,152,0
132,3,1,5,0.492,5,2,0,0.926,19,6,9,1
35,3,0,2,0.086,1,0,1,0.23,3,2771,258,0
125,4,1,3,0.495,1,1,2,0.836,12,35,19,1
33,1,0,1,0.096,0,0,0,0.15,1,474,364,0
94,4,0,6,0.385,4,1,1,0.74,14,26,27,1
45,2,0,0,0.066,0,0,0,0.163,2,1397,130,0
72,4,0,6,0.384,5,2,2,0.892,14,8,17,1
25,1,0,2,0.072,0,0,1,0.287,2,2213,109,0
60,8,0,6,0.304,2,2,2,0.736,18,4,1,1
52,1,0,2,0.011,1,0,0,0.145,0,881,251,0
52,3,0,0,0.042,1,0,0,0.153,1,1328,193,0
133,4,0,2,0.249,5,0,0,0.909,10,38,19,1
23,3,0,2,0.028,0,0,1,0.04,3,2352,119,0
68,4,0,2,0.216,4,3,2,0.871,14,5,20,1
41,2,0,1,0.072,0,0,1,0.033,2,2826,317,0
141,5,0,3,0.187,3,3,1,0.638,18,30,2,1
104,7,1,3,0.216,5,3,2,0.99,8,13,20,1
128,5,0,4,0.194,2,3,0,0.724,14,21,10,1
31,2,0,1,0.061,1,0,0,0.266,3,1744,238,0
99,6,0,3,0.452,4,0,2,0.676,11,10,6,1
32,2,0,1,0.01,0,0,1,0.292,2,2522,312,0
51,2,0,0,0.056,1,0,0,0.037,2,452,228,0
118,6,1,4,0.587,4,0,1,0.712,15,4,9,1
30,2,0,2,0.012,1,0,0,0.057,1,428,119,0
28,1,0,1,0.046,0,0,0,0.104,3,2715,265,0
28,1,0,0,0.017,0,0,1,0.242,3,1752,357,0
51,2,0,0,0.05,0,0,1,0.151,0,2180,171,0
20,3,0,1,0.094,1,0,1,0.188,3,3110,203,0
36,3,0,1,0.074,0,0,0,0.228,2,1685,120,0
35,1,0,2,0.031,0,0,0,0.164,2,2991,357,0
69,6,0,2,0.401,5,1,2,0.954,12,2,13,1
42,2,0,0,0.05,0,0,1,0.105,3,2386,352,0
86,6,1,5,0.483,5,3,2,0.804,12,25,10,1
26,2,0,0,0.045,1,0,0,0.033,0,2484,132,0
112,8,0,5,0.118,4,2,2,0.716,12,0,24,1
47,2,0,2,0.092,0,0,1,0.214,1,2340,198,0
47,2,0,1,0.078,0,0,0,0.032,0,1311,187,0
50,1,0,1,0.038,0,0,0,0.291,2,388,363,0
32,3,0,0,0.035,0,0,0,0.205,3,1374,167,0
31,3,0,2,0.027,0,0,1,0.028,1,815,267,0
63,5,1,3,0.294,3,1,1,0.711,5,30,0,1
25,2,0,0,0.053,1,0,1,0.043,1,1851,325,0
131,5,1,6,0.516,3,2,2,0.712,13,2,8,1
100,3,1,2,0.362,5,0,0,0.823,12,21,19,1
34,2,0,1,0.078,1,0,0,0.056,2,373,199,0
36,2,0,0,0.051,0,0,1,0.025,3,2953,172,0
82,8,1,3,0.508,2,2,2,0.68,17,29,23,1
33,3,0,1,0.082,1,0,0,0.089,2,1554,347,0
95,6,0,5,0.381,5,3,2,0.688,9,41,30,1
46,3,0,2,0.096,0,0,0,0.271,2,2811,152,0
42,3,0,1,0.028,1,0,1,0.017,1,1485,269,0
46,3,0,0,0.001,0,0,1,0.149,0,3198,280,0
116,4,0,4,0.459,3,2,0,0.733,9,5,27,1
57,2,0,0,0.076,0,0,1,0.297,3,815,165,0
96,7,1,5,0.357,5,0,2,0.805,5,41,8,1
54,1,0,1,0.05,1,0,1,0.264,2,1524,196,0
27,1,0,2,0.076,0,0,0,0.121,2,3313,92,0
60,1,0,2,0.073,1,0,0,0.005,0,3267,325,0
60,3,0,1,0.046,1,0,0,0.147,0,2487,273,0
42,1,0,0,0.024,0,0,0,0.194,1,1866,185,0
50,2,0,1,0.008,1,0,0,0.12,3,512,176,0
41,1,0,2,0.063,0,0,1,0.234,3,1136,296,0
55,3,0,1,0.046,0,0,1,0.258,2,2542,202,0
46,1,0,2,0.017,1,0,0,0.048,1,3041,170,0
75,4,0,2,0.17,4,3,1,0.792,8,6,-1,1
51,1,0,0,0.004,0,0,0,0.247,1,1934,294,0
39,1,0,2,0.034,1,0,0,0.258,1,457,167,0
42,2,0,2,0.096,0,0,1,0.244,3,1201,297,0
77,6,0,6,0.575,5,0,0,0.868,15,18,12,1
59,2,0,2,0.07,1,0,0,0.14,1,2659,119,0
49,3,0,2,0.048,1,0,0,0.041,3,3194,139,0
146,3,1,4,0.595,2,1,1,0.625,17,0,23,1
59,3,0,0,0.012,1,0,0,0.272,3,3563,316,0
26,3,0,1,0.067,0,0,1,0.262,0,1767,204,0
139,6,0,2,0.583,1,1,1,0.618,9,9,22,1
59,3,0,6,0.338,5,2,0,0.749,11,41,17,1
27,2,0,0,0.017,0,0,1,0.12,2,2594,311,0
81,4,0,2,0.473,4,3,1,0.903,16,22,-1,1
56,3,1,6,0.488,5,3,2,0.779,19,12,6,1
86,3,1,3,0.318,5,3,2,0.787,20,21,1,1
44,3,0,0,0.001,1,0,0,0.067,3,2953,220,0
73,6,1,4,0.535,4,3,0,0.988,7,33,30,1
26,1,0,2,0.058,1,0,1,0.138,2,3059,117,0
127,4,0,6,0.378,2,1,2,0.981,7,5,24,1
102,3,0,6,0.308,2,0,2,0.915,11,33,19,1
105,5,0,4,0.301,3,1,1,0.794,20,36,2,1
150,3,0,4,0.132,2,3,1,0.688,19,15,18,1
112,8,0,3,0.349,3,0,1,0.879,10,41,13,1
65,5,0,2,0.153,1,3,2,0.91,13,33,21,1
58,3,0,1,0.076,1,0,0,0.086,2,999,101,0
45,1,0,2,0.066,1,0,0,0.262,0,2599,228,0
83,4,0,3,0.153,5,2,2,0.711,9,3,26,1
121,5,1,4,0.223,5,0,1,0.62,6,44,14,1
144,7,0,5,0.228,2,3,0,0.732,7,11,20,1
97,5,0,6,0.147,5,0,2,0.905,5,45,-1,1
46,3,0,0,0.075,0,0,1,0.161,2,1106,327,0
51,3,0,1,0.043,0,0,0,0.042,1,2590,134,0
56,2,0,1,0.041,0,0,1,0.244,3,2970,184,0
49,1,0,2,0.007,0,0,1,0.293,2,1559,210,0
53,4,0,3,0.512,3,1,0,0.621,15,44,9,1
134,4,0,4,0.265,1,3,0,0.672,11,25,7,1
43,2,0,1,0.061,1,0,1,0.257,0,1312,148,0
134,8,0,3,0.313,3,2,2,0.993,13,26,8,1
71,6,0,5,0.192,4,2,1,0.952,8,12,21,1
144,4,0,3,0.443,2,0,0,0.759,13,41,-1,1
138,7,1,2,0.513,4,2,1,0.946,7,36,10,1
29,1,0,1,0.035,0,0,0,0.06,1,3415,196,0
56,3,1,4,0.414,3,2,2,0.934,8,43,12,1
86,4,0,6,0.214,2,1,2,0.686,6,43,17,1
39,2,0,1,0.03,0,0,1,0.137,1,2716,265,0
53,3,0,1,0.061,1,0,1,0.174,1,589,204,0
34,3,0,2,0.044,1,0,0,0.102,0,2358,208,0
27,1,0,2,0.087,0,0,1,0.229,2,2044,306,0
33,3,0,0,0.032,1,0,0,0.07,3,2592,328,0
57,7,0,5,0.124,5,3,2,0.905,19,41,6,1
36,3,0,0,0.006,0,0,0,0.133,2,397,220,0
150,3,1,5,0.441,5,1,2,0.802,13,29,0,1
59,2,0,1,0.053,1,0,0,0.265,2,1437,130,0
50,3,0,0,0.003,0,0,0,0.015,2,3360,206,0
44,3,0,0,0.057,1,0,1,0.102,1,1801,284,0
113,8,1,3,0.313,1,1,1,0.709,11,13,11,1
57,3,0,0,0.02,0,0,0,0.156,3,2479,94,0
83,6,0,3,0.564,2,3,2,0.761,19,6,7,1
48,3,0,2,0.015,0,0,0,0.037,0,1791,150,0
32,2,0,0,0.089,0,0,1,0.288,1,2047,103,0
48,1,0,2,0.071,1,0,1,0.22,3,2802,229,0
146,3,1,3,0.184,3,1,2,0.778,8,20,17,1
77,7,1,5,0.46,1,3,2,0.971,11,10,11,1
139,4,1,4,0.21,1,3,0,0.82,9,39,5,1
34,2,0,2,0.022,0,0,1,0.22,1,3277,266,0
67,5,0,2,0.515,5,3,1,0.639,16,45,6,1
25,2,0,2,0.045,1,0,0,0.065,3,454,283,0
49,2,0,0,0.086,0,0,0,0.202,0,2096,191,0
24,3,0,1,0.023,0,0,0,0.055,3,626,168,0
58,3,0,0,0.048,1,0,0,0.237,0,1249,351,0
120,4,0,5,0.386,1,3,2,0.797,8,17,6,1
60,3,0,0,0.082,0,0,0,0.275,1,2362,113,0
124,5,1,4,0.257,4,0,2,0.884,15,36,30,1
33,2,0,1,0.088,0,0,1,0.23,2,3637,334,0
43,1,0,1,0.06,0,0,1,0.168,2,2564,140,0
116,5,0,6,0.519,4,1,2,0.705,8,15,28,1
130,6,0,2,0.296,3,2,1,0.809,18,25,12,1
79,4,0,4,0.175,2,3,2,0.625,5,8,16,1
82,6,1,4,0.436,2,3,0,0.649,18,-1,20,1
129,3,0,5,0.245,2,3,0,0.963,20,26,26,1
134,7,0,4,0.351,2,2,0,0.934,5,13,16,1
25,3,0,1,0.079,1,0,1,0.076,3,514,300,0
63,4,0,2,0.17,5,0,2,0.814,14,23,3,1
60,2,0,0,0.068,1,0,0,0.12,2,943,132,0
53,1,0,2,0.026,1,0,0,0.176,3,3147,327,0
33,2,0,0,0.015,0,0,1,0.269,1,3085,203,0
24,1,0,0,0.025,0,0,0,0.046,3,2523,310,0
30,2,0,1,0.029,0,0,1,0.241,1,3408,318,0
113,4,1,5,0.426,3,1,0,0.997,7,32,10,1
95,4,1,3,0.57,1,2,2,0.886,6,15,19,1
112,5,0,4,0.413,3,0,2,0.969,6,17,19,1
34,2,0,2,0.096,1,0,1,0.2,2,2491,147,0
129,7,1,5,0.275,3,1,2,0.825,16,10,21,1
29,3,0,2,0.009,1,0,0,0.249,0,2196,330,0
124,4,0,5,0.592,4,0,2,0.678,6,29,2,1
34,2,0,2,0.027,0,0,0,0.225,2,1934,345,0
96,4,1,5,0.512,5,1,2,0.902,6,22,17,1
47,3,0,0,0.08,0,0,1,0.197,2,2888,93,0
21,2,0,1,0.035,1,0,0,0.043,0,1561,293,0
95,4,0,6,0.565,3,1,0,0.882,18,8,19,1
53,4,0,4,0.472,3,2,2,0.984,5,19,3,1
30,2,0,0,0.063,1,0,1,0.033,0,3142,123,0
75,5,0,5,0.34,3,0,0,0.819,19,27,7,1
60,2,0,1,0.053,0,0,0,0.053,3,3464,304,0
61,7,1,4,0.428,3,1,2,0.676,19,1,1,1
28,1,0,2,0.007,1,0,1,0.159,0,950,356,0
57,3,0,2,0.009,0,0,1,0.284,0,3244,263,0
38,2,0,0,0.043,0,0,0,0.298,0,1138,223,0
130,5,0,5,0.563,3,3,0,0.686,10,5,27,1
54,3,0,1,0.087,0,0,1,0.172,3,2874,162,0
52,4,0,6,0.204,4,0,2,0.699,13,1,23,1
58,1,0,0,0.065,1,0,1,0.196,2,1048,194,0
49,1,0,1,0.046,0,0,0,0.043,2,958,246,0
143,4,0,6,0.577,2,3,2,0.916,14,16,7,1
60,2,0,0,0.046,1,0,0,0.125,0,1889,257,0
108,5,0,5,0.486,3,0,0,0.987,19,39,23,1
54,6,1,5,0.489,1,3,1,0.904,11,34,15,1
92,6,0,4,0.448,4,2,1,0.856,8,27,3,1
29,2,0,2,0.067,0,0,1,0.051,1,576,273,0
20,3,0,0,0.048,0,0,0,0.061,1,2734,338,0
125,7,0,6,0.2,2,1,0,0.834,17,10,17,1
49,1,0,2,0.094,0,0,0,0.163,0,2545,212,0
22,3,0,0,0.007,1,0,0,0.185,1,3647,292,0
135,4,0,4,0.114,4,0,2,0.752,13,13,10,1
51,3,0,0,0.08,0,0,1,0.188,0,3470,298,0
36,3,0,2,0.08,1,0,1,0.169,0,2655,162,0
31,1,0,0,0.081,1,0,1,0.287,2,3189,260,0
70,6,0,3,0.575,2,1,1,0.644,8,42,20,1
118,5,0,5,0.24,5,0,1,0.748,9,33,21,1
54,2,0,1,0.095,1,0,0,0.143,0,932,285,0
134,4,0,6,0.498,3,0,0,0.918,18,30,11,1
126,8,1,4,0.456,5,2,0,0.613,16,14,7,1
24,1,0,2,0.083,1,0,0,0.258,1,2850,340,0
46,3,0,2,0.072,1,0,1,0.011,2,1862,165,0
63,4,0,4,0.151,3,1,0,0.987,6,43,19,1
105,7,1,2,0.228,3,3,1,0.849,17,26,5,1
84,3,1,6,0.296,3,1,2,0.902,20,5,12,1
130,7,1,3,0.141,1,0,0,0.656,12,23,13,1
36,1,0,1,0.031,1,0,0,0.142,3,2765,183,0
43,2,0,0,0.006,1,0,0,0.181,3,1040,210,0
111,6,1,6,0.236,5,0,0,0.768,6,34,-1,1
139,8,0,2,0.408,3,0,0,0.751,9,15,8,1
56,3,0,2,0.085,1,0,1,0.136,0,1731,334,0
54,2,0,0,0.037,0,0,1,0.0,0,1837,215,0
127,8,0,2,0.545,4,1,0,0.938,18,25,13,1
96,3,1,2,0.484,4,1,2,0.699,5,30,9,1
31,2,0,2,0.073,0,0,1,0.143,3,874,362,0
39,2,0,1,0.027,1,0,0,0.061,0,3249,115,0
133,5,1,3,0.413,5,2,2,0.804,18,8,8,1
26,2,0,1,0.099,1,0,0,0.221,3,1295,253,0
47,1,0,1,0.043,0,0,1,0.166,3,377,273,0
22,1,0,2,0.089,0,0,1,0.218,3,3231,270,0
28,1,0,0,0.098,1,0,0,0.024,0,1249,240,0
109,5,1,3,0.472,4,1,2,0.954,14,6,11,1
59,1,0,1,0.099,1,0,0,0.219,0,1900,175,0
77,6,0,6,0.132,1,3,0,0.706,17,36,28,1
143,4,0,4,0.432,2,2,0,0.971,9,7,13,1
29,3,0,0,0.015,0,0,0,0.152,1,1624,270,0
95,3,0,2,0.354,4,0,1,0.92,11,22,0,1
51,3,0,1,0.036,1,0,1,0.194,3,3067,277,0
113,4,0,4,0.34,1,1,0,0.863,17,24,29,1
50,5,0,4,0.179,3,1,0,0.716,6,17,17,1
37,1,0,1,0.065,1,0,1,0.079,0,3486,272,0
22,3,0,0,0.056,1,0,1,0.163,3,1039,159,0
58,6,0,6,0.318,3,1,0,0.613,16,0,24,1
55,3,0,1,0.017,1,0,1,0.017,2,2400,287,0
59,2,0,0,0.014,0,0,1,0.288,0,2548,195,0
39,1,0,1,0.071,1,0,1,0.083,2,3208,177,0
50,1,0,1,0.065,1,0,0,0.262,2,3049,288,0
121,6,0,2,0.44,5,0,0,0.896,14,13,22,1
38,1,0,0,0.032,1,0,1,0.147,3,879,128,0
38,2,0,1,0.021,1,0,0,0.254,2,2031,180,0
110,4,0,4,0.515,5,2,1,0.815,19,38,21,1
108,7,1,6,0.553,1,3,1,0.698,9,0,1,1
95,8,0,4,0.502,4,1,1,0.619,5,29,13,1
50,3,0,0,0.02,0,0,0,0.12,3,1014,219,0
43,2,0,0,0.006,0,0,0,0.099,0,3384,327,0
135,5,0,3,0.178,5,0,0,0.631,17,36,3,1
120,8,0,6,0.487,1,2,2,0.859,8,18,22,1
129,7,0,4,0.299,5,0,1,0.975,18,33,19,1
140,4,1,3,0.207,5,3,2,0.743,18,27,28,1
143,3,0,2,0.18,5,3,1,0.633,14,25,-1,1
49,1,0,0,0.064,0,0,1,0.16,1,3151,247,0
52,7,0,6,0.33,1,0,1,0.64,8,38,10,1
107,5,0,4,0.397,2,1,2,0.62,13,0,4,1
53,1,0,0,0.038,0,0,0,0.102,0,3568,258,0
129,6,1,4,0.111,2,0,0,0.771,15,14,27,1
28,1,0,2,0.011,0,0,0,0.026,0,1187,335,0
21,2,0,1,0.094,0,0,1,0.255,0,841,275,0
47,2,0,2,0.054,0,0,0,0.086,0,1720,155,0
34,2,0,2,0.003,0,0,0,0.196,0,3021,104,0
42,3,0,1,0.037,0,0,0,0.169,1,537,155,0
89,3,0,6,0.556,2,1,0,0.881,9,3,16,1
25,2,0,2,0.026,1,0,1,0.154,3,2647,327,0
100,6,1,5,0.232,1,3,2,0.712,15,4,2,1
49,3,0,2,0.062,1,0,1,0.052,0,1013,305,0
53,1,0,0,0.03,0,0,1,0.259,2,788,121,0
59,3,0,1,0.089,1,0,0,0.203,0,1260,232,0
103,4,0,6,0.149,3,1,0,0.616,9,40,10,1
125,5,0,5,0.444,2,0,1,0.816,13,40,27,1
40,2,0,1,0.019,1,0,1,0.266,3,2061,216,0
62,7,0,2,0.103,5,3,1,0.893,15,11,1,1
121,5,1,6,0.251,1,0,0,0.9,11,6,28,1
41,2,0,2,0.054,0,0,0,0.136,2,2760,262,0
87,6,1,2,0.215,3,3,2,0.734,14,8,19,1
45,2,0,0,0.008,1,0,1,0.218,2,935,137,0
40,1,0,0,0.018,1,0,0,0.205,0,2712,310,0
140,3,0,2,0.295,1,3,0,0.796,16,43,17,1
26,2,0,2,0.033,0,0,1,0.279,1,1036,282,0
54,3,0,2,0.081,0,0,0,0.115,3,3087,256,0
95,6,0,3,0.522,5,1,1,0.93,18,7,28,1
73,5,0,5,0.307,3,0,0,0.76,8,40,1,1
45,2,0,0,0.035,0,0,0,0.192,2,2929,146,0
35,3,0,1,0.022,0,0,0,0.256,0,1763,254,0
45,2,0,0,0.014,1,0,1,0.022,1,3294,148,0
102,8,0,6,0.375,2,1,2,0.603,16,20,29,1
64,6,0,4,0.437,5,3,2,0.781,16,12,26,1
74,3,0,3,0.139,5,3,2,0.868,12,6,12,1
40,1,0,2,0.021,1,0,1,0.1,1,570,292,0
110,8,0,6,0.403,1,3,1,0.962,19,24,29,1
39,2,0,0,0.077,0,0,1,0.218,3,2400,343,0
58,2,0,1,0.096,0,0,0,0.268,2,1085,265,0
50,1,0,1,0.095,1,0,1,0.287,0,3240,123,0
135,8,1,2,0.148,3,2,0,0.801,14,5,-1,1
64,8,0,6,0.224,1,3,1,0.605,9,33,23,1
46,2,0,1,0.09,1,0,1,0.206,0,1595,221,0
90,5,1,2,0.339,5,1,2,0.936,16,21,0,1
50,7,0,2,0.189,5,1,0,0.728,20,21,22,1
31,1,0,1,0.03,0,0,1,0.005,2,2280,154,0
25,2,0,2,0.015,0,0,1,0.026,1,2360,280,0
109,8,0,4,0.49,3,3,0,0.759,16,4,16,1
85,6,0,2,0.502,5,1,2,0.665,16,42,29,1
57,3,0,6,0.355,3,0,1,0.646,13,42,7,1
48,1,0,2,0.049,1,0,0,0.174,0,319,96,0
56,3,0,0,0.093,0,0,0,0.071,3,617,110,0
99,3,1,2,0.397,5,0,2,0.67,9,37,2,1
43,3,0,1,0.003,0,0,0,0.142,1,1358,187,0
38,1,0,2,0.051,0,0,1,0.03,1,2857,273,0
60,3,1,2,0.364,4,2,1,0.832,7,45,10,1
49,2,0,2,0.081,1,0,1,0.216,3,2997,104,0
45,3,0,1,0.033,1,0,1,0.064,3,490,319,0
42,3,0,2,0.063,1,0,1,0.113,2,1148,361,0
112,8,0,6,0.295,5,3,1,0.681,18,36,4,1
